[{"model": "admin.logentry", "pk": 1, "fields": {"action_time": "2024-01-26T20:04:09.346Z", "user": 1, "content_type": 4, "object_id": "2", "object_repr": "testuser", "action_flag": 2, "change_message": "[{\"changed\": {\"fields\": [\"Email address\"]}}]"}}, {"model": "admin.logentry", "pk": 2, "fields": {"action_time": "2025-03-23T01:09:43.835Z", "user": 3, "content_type": 4, "object_id": "2", "object_repr": "testuser", "action_flag": 2, "change_message": "[{\"changed\": {\"fields\": [\"password\"]}}]"}}, {"model": "admin.logentry", "pk": 3, "fields": {"action_time": "2025-03-30T01:02:50.197Z", "user": 3, "content_type": 9, "object_id": "1", "object_repr": "Carrera object (1)", "action_flag": 1, "change_message": "[{\"added\": {}}]"}}, {"model": "admin.logentry", "pk": 4, "fields": {"action_time": "2025-03-30T01:02:57.805Z", "user": 3, "content_type": 9, "object_id": "2", "object_repr": "Carrera object (2)", "action_flag": 1, "change_message": "[{\"added\": {}}]"}}, {"model": "admin.logentry", "pk": 5, "fields": {"action_time": "2025-03-30T01:03:06.121Z", "user": 3, "content_type": 9, "object_id": "3", "object_repr": "Carrera object (3)", "action_flag": 1, "change_message": "[{\"added\": {}}]"}}, {"model": "admin.logentry", "pk": 6, "fields": {"action_time": "2025-03-30T01:03:33.803Z", "user": 3, "content_type": 9, "object_id": "4", "object_repr": "Carrera object (4)", "action_flag": 1, "change_message": "[{\"added\": {}}]"}}, {"model": "admin.logentry", "pk": 7, "fields": {"action_time": "2025-03-30T01:11:29.051Z", "user": 3, "content_type": 9, "object_id": "5", "object_repr": "INGENIERIA TECNOLOGIAS DE LA INFORMACION Y COMUNICACION", "action_flag": 1, "change_message": "[{\"added\": {}}]"}}, {"model": "admin.logentry", "pk": 8, "fields": {"action_time": "2025-03-30T01:11:54.975Z", "user": 3, "content_type": 8, "object_id": "1", "object_repr": "Prestador object (1)", "action_flag": 1, "change_message": "[{\"added\": {}}]"}}, {"model": "admin.logentry", "pk": 9, "fields": {"action_time": "2025-03-30T01:12:52.021Z", "user": 3, "content_type": 12, "object_id": "1", "object_repr": "Institucion object (1)", "action_flag": 1, "change_message": "[{\"added\": {}}]"}}, {"model": "admin.logentry", "pk": 10, "fields": {"action_time": "2025-03-30T01:14:27.759Z", "user": 3, "content_type": 11, "object_id": "1", "object_repr": "ServicioSocial object (1)", "action_flag": 1, "change_message": "[{\"added\": {}}]"}}, {"model": "admin.logentry", "pk": 11, "fields": {"action_time": "2025-03-30T01:15:56.677Z", "user": 3, "content_type": 10, "object_id": "1", "object_repr": "Reporte object (1)", "action_flag": 1, "change_message": "[{\"added\": {}}]"}}, {"model": "admin.logentry", "pk": 12, "fields": {"action_time": "2025-03-30T01:56:56.658Z", "user": 3, "content_type": 7, "object_id": "1", "object_repr": "Documento object (1)", "action_flag": 1, "change_message": "[{\"added\": {}}]"}}, {"model": "admin.logentry", "pk": 13, "fields": {"action_time": "2025-03-30T01:57:09.365Z", "user": 3, "content_type": 7, "object_id": "1", "object_repr": "Documento object (1)", "action_flag": 3, "change_message": ""}}, {"model": "admin.logentry", "pk": 14, "fields": {"action_time": "2025-03-30T02:03:12.879Z", "user": 3, "content_type": 7, "object_id": "2", "object_repr": "Documento object (2)", "action_flag": 1, "change_message": "[{\"added\": {}}]"}}, {"model": "admin.logentry", "pk": 15, "fields": {"action_time": "2025-04-03T05:39:10.598Z", "user": 3, "content_type": 12, "object_id": "1", "object_repr": "INSTITUTO TECNOLOGICO DE VILLAHERMOSA", "action_flag": 2, "change_message": "[{\"changed\": {\"fields\": [\"Nombre\"]}}]"}}, {"model": "admin.logentry", "pk": 16, "fields": {"action_time": "2025-04-03T05:39:14.843Z", "user": 3, "content_type": 11, "object_id": "1", "object_repr": "21300898", "action_flag": 2, "change_message": "[]"}}, {"model": "admin.logentry", "pk": 17, "fields": {"action_time": "2025-04-07T00:36:01.493Z", "user": 3, "content_type": 9, "object_id": "2", "object_repr": "INGENIERIA QUIMICA", "action_flag": 2, "change_message": "[{\"changed\": {\"fields\": [\"Nombre\"]}}]"}}, {"model": "admin.logentry", "pk": 18, "fields": {"action_time": "2025-04-07T01:51:52.310Z", "user": 3, "content_type": 13, "object_id": "1", "object_repr": "21300898 - INSTITUTO TECNOLOGICO DE VILLAHERMOSA - Resumen de Documentos", "action_flag": 1, "change_message": "[{\"added\": {}}]"}}, {"model": "admin.logentry", "pk": 19, "fields": {"action_time": "2025-04-07T01:52:21.972Z", "user": 3, "content_type": 7, "object_id": "3", "object_repr": "Evaluación de desempeño - 21300898", "action_flag": 1, "change_message": "[{\"added\": {}}]"}}, {"model": "admin.logentry", "pk": 20, "fields": {"action_time": "2025-04-07T02:50:05.236Z", "user": 3, "content_type": 8, "object_id": "2", "object_repr": "21300880 - Activo", "action_flag": 1, "change_message": "[{\"added\": {}}]"}}, {"model": "admin.logentry", "pk": 21, "fields": {"action_time": "2025-04-07T02:57:03.226Z", "user": 3, "content_type": 12, "object_id": "2", "object_repr": "Universidad Valle del Grijalva (UVG)", "action_flag": 1, "change_message": "[{\"added\": {}}]"}}, {"model": "admin.logentry", "pk": 22, "fields": {"action_time": "2025-04-07T02:58:00.183Z", "user": 3, "content_type": 12, "object_id": "3", "object_repr": "ITESM Tecnológico de Monterrey - Tec de Monterrey", "action_flag": 1, "change_message": "[{\"added\": {}}]"}}, {"model": "admin.logentry", "pk": 23, "fields": {"action_time": "2025-04-07T02:58:07.331Z", "user": 3, "content_type": 12, "object_id": "4", "object_repr": "Universidad del Valle de México (UVM)", "action_flag": 1, "change_message": "[{\"added\": {}}]"}}, {"model": "admin.logentry", "pk": 24, "fields": {"action_time": "2025-04-07T02:58:13.809Z", "user": 3, "content_type": 12, "object_id": "5", "object_repr": "Instituto de Estudios Universitarios (IEU)", "action_flag": 1, "change_message": "[{\"added\": {}}]"}}, {"model": "admin.logentry", "pk": 25, "fields": {"action_time": "2025-04-07T02:58:21.015Z", "user": 3, "content_type": 12, "object_id": "6", "object_repr": "RHmatic", "action_flag": 1, "change_message": "[{\"added\": {}}]"}}, {"model": "admin.logentry", "pk": 26, "fields": {"action_time": "2025-04-07T03:01:11.750Z", "user": 3, "content_type": 13, "object_id": "2", "object_repr": "21300880 - INSTITUTO TECNOLOGICO DE VILLAHERMOSA - Resumen de Documentos", "action_flag": 1, "change_message": "[{\"added\": {}}]"}}, {"model": "admin.logentry", "pk": 27, "fields": {"action_time": "2025-04-07T03:01:16.331Z", "user": 3, "content_type": 13, "object_id": "3", "object_repr": "21300005 - Instituto de Estudios Universitarios (IEU) - Resumen de Documentos", "action_flag": 1, "change_message": "[{\"added\": {}}]"}}, {"model": "admin.logentry", "pk": 28, "fields": {"action_time": "2025-04-07T03:01:20.105Z", "user": 3, "content_type": 13, "object_id": "4", "object_repr": "21300006 - ITESM Tecnológico de Monterrey - Tec de Monterrey - Resumen de Documentos", "action_flag": 1, "change_message": "[{\"added\": {}}]"}}, {"model": "admin.logentry", "pk": 29, "fields": {"action_time": "2025-04-07T03:01:29.216Z", "user": 3, "content_type": 13, "object_id": "5", "object_repr": "21300898 - Universidad Valle del Grijalva (UVG) - Resumen de Documentos", "action_flag": 1, "change_message": "[{\"added\": {}}]"}}, {"model": "admin.logentry", "pk": 30, "fields": {"action_time": "2025-04-07T03:01:35.660Z", "user": 3, "content_type": 13, "object_id": "6", "object_repr": "21300898 - Universidad Valle del Grijalva (UVG) - Resumen de Documentos", "action_flag": 1, "change_message": "[{\"added\": {}}]"}}, {"model": "admin.logentry", "pk": 31, "fields": {"action_time": "2025-04-07T03:21:17.115Z", "user": 3, "content_type": 4, "object_id": "4", "object_repr": "emanuelsantos+", "action_flag": 1, "change_message": "[{\"added\": {}}]"}}, {"model": "admin.logentry", "pk": 32, "fields": {"action_time": "2025-04-07T03:22:27.605Z", "user": 3, "content_type": 4, "object_id": "4", "object_repr": "emanuelsantos+", "action_flag": 2, "change_message": "[{\"changed\": {\"fields\": [\"password\"]}}]"}}, {"model": "auth.permission", "pk": 1, "fields": {"name": "Can add log entry", "content_type": 1, "codename": "add_logentry"}}, {"model": "auth.permission", "pk": 2, "fields": {"name": "Can change log entry", "content_type": 1, "codename": "change_logentry"}}, {"model": "auth.permission", "pk": 3, "fields": {"name": "Can delete log entry", "content_type": 1, "codename": "delete_logentry"}}, {"model": "auth.permission", "pk": 4, "fields": {"name": "Can view log entry", "content_type": 1, "codename": "view_logentry"}}, {"model": "auth.permission", "pk": 5, "fields": {"name": "Can add permission", "content_type": 2, "codename": "add_permission"}}, {"model": "auth.permission", "pk": 6, "fields": {"name": "Can change permission", "content_type": 2, "codename": "change_permission"}}, {"model": "auth.permission", "pk": 7, "fields": {"name": "Can delete permission", "content_type": 2, "codename": "delete_permission"}}, {"model": "auth.permission", "pk": 8, "fields": {"name": "Can view permission", "content_type": 2, "codename": "view_permission"}}, {"model": "auth.permission", "pk": 9, "fields": {"name": "Can add group", "content_type": 3, "codename": "add_group"}}, {"model": "auth.permission", "pk": 10, "fields": {"name": "Can change group", "content_type": 3, "codename": "change_group"}}, {"model": "auth.permission", "pk": 11, "fields": {"name": "Can delete group", "content_type": 3, "codename": "delete_group"}}, {"model": "auth.permission", "pk": 12, "fields": {"name": "Can view group", "content_type": 3, "codename": "view_group"}}, {"model": "auth.permission", "pk": 13, "fields": {"name": "Can add user", "content_type": 4, "codename": "add_user"}}, {"model": "auth.permission", "pk": 14, "fields": {"name": "Can change user", "content_type": 4, "codename": "change_user"}}, {"model": "auth.permission", "pk": 15, "fields": {"name": "Can delete user", "content_type": 4, "codename": "delete_user"}}, {"model": "auth.permission", "pk": 16, "fields": {"name": "Can view user", "content_type": 4, "codename": "view_user"}}, {"model": "auth.permission", "pk": 17, "fields": {"name": "Can add content type", "content_type": 5, "codename": "add_contenttype"}}, {"model": "auth.permission", "pk": 18, "fields": {"name": "Can change content type", "content_type": 5, "codename": "change_contenttype"}}, {"model": "auth.permission", "pk": 19, "fields": {"name": "Can delete content type", "content_type": 5, "codename": "delete_contenttype"}}, {"model": "auth.permission", "pk": 20, "fields": {"name": "Can view content type", "content_type": 5, "codename": "view_contenttype"}}, {"model": "auth.permission", "pk": 21, "fields": {"name": "Can add session", "content_type": 6, "codename": "add_session"}}, {"model": "auth.permission", "pk": 22, "fields": {"name": "Can change session", "content_type": 6, "codename": "change_session"}}, {"model": "auth.permission", "pk": 23, "fields": {"name": "Can delete session", "content_type": 6, "codename": "delete_session"}}, {"model": "auth.permission", "pk": 24, "fields": {"name": "Can view session", "content_type": 6, "codename": "view_session"}}, {"model": "auth.permission", "pk": 25, "fields": {"name": "Can add documento", "content_type": 7, "codename": "add_documento"}}, {"model": "auth.permission", "pk": 26, "fields": {"name": "Can change documento", "content_type": 7, "codename": "change_documento"}}, {"model": "auth.permission", "pk": 27, "fields": {"name": "Can delete documento", "content_type": 7, "codename": "delete_documento"}}, {"model": "auth.permission", "pk": 28, "fields": {"name": "Can view documento", "content_type": 7, "codename": "view_documento"}}, {"model": "auth.permission", "pk": 29, "fields": {"name": "Can add prestador", "content_type": 8, "codename": "add_prestador"}}, {"model": "auth.permission", "pk": 30, "fields": {"name": "Can change prestador", "content_type": 8, "codename": "change_prestador"}}, {"model": "auth.permission", "pk": 31, "fields": {"name": "Can delete prestador", "content_type": 8, "codename": "delete_prestador"}}, {"model": "auth.permission", "pk": 32, "fields": {"name": "Can view prestador", "content_type": 8, "codename": "view_prestador"}}, {"model": "auth.permission", "pk": 33, "fields": {"name": "Can add carrera", "content_type": 9, "codename": "add_carrera"}}, {"model": "auth.permission", "pk": 34, "fields": {"name": "Can change carrera", "content_type": 9, "codename": "change_carrera"}}, {"model": "auth.permission", "pk": 35, "fields": {"name": "Can delete carrera", "content_type": 9, "codename": "delete_carrera"}}, {"model": "auth.permission", "pk": 36, "fields": {"name": "Can view carrera", "content_type": 9, "codename": "view_carrera"}}, {"model": "auth.permission", "pk": 37, "fields": {"name": "Can add reporte", "content_type": 10, "codename": "add_reporte"}}, {"model": "auth.permission", "pk": 38, "fields": {"name": "Can change reporte", "content_type": 10, "codename": "change_reporte"}}, {"model": "auth.permission", "pk": 39, "fields": {"name": "Can delete reporte", "content_type": 10, "codename": "delete_reporte"}}, {"model": "auth.permission", "pk": 40, "fields": {"name": "Can view reporte", "content_type": 10, "codename": "view_reporte"}}, {"model": "auth.permission", "pk": 41, "fields": {"name": "Can add servicio social", "content_type": 11, "codename": "add_serviciosocial"}}, {"model": "auth.permission", "pk": 42, "fields": {"name": "Can change servicio social", "content_type": 11, "codename": "change_serviciosocial"}}, {"model": "auth.permission", "pk": 43, "fields": {"name": "Can delete servicio social", "content_type": 11, "codename": "delete_serviciosocial"}}, {"model": "auth.permission", "pk": 44, "fields": {"name": "Can view servicio social", "content_type": 11, "codename": "view_serviciosocial"}}, {"model": "auth.permission", "pk": 45, "fields": {"name": "Can add institucion", "content_type": 12, "codename": "add_institucion"}}, {"model": "auth.permission", "pk": 46, "fields": {"name": "Can change institucion", "content_type": 12, "codename": "change_institucion"}}, {"model": "auth.permission", "pk": 47, "fields": {"name": "Can delete institucion", "content_type": 12, "codename": "delete_institucion"}}, {"model": "auth.permission", "pk": 48, "fields": {"name": "Can view institucion", "content_type": 12, "codename": "view_institucion"}}, {"model": "auth.permission", "pk": 49, "fields": {"name": "Can add Resumen de Documentos", "content_type": 13, "codename": "add_resumendocumentos"}}, {"model": "auth.permission", "pk": 50, "fields": {"name": "Can change Resumen de Documentos", "content_type": 13, "codename": "change_resumendocumentos"}}, {"model": "auth.permission", "pk": 51, "fields": {"name": "Can delete Resumen de Documentos", "content_type": 13, "codename": "delete_resumendocumentos"}}, {"model": "auth.permission", "pk": 52, "fields": {"name": "Can view Resumen de Documentos", "content_type": 13, "codename": "view_resumendocumentos"}}, {"model": "auth.user", "pk": 1, "fields": {"password": "pbkdf2_sha256$720000$wQaEdBzFEPnSwI1LuX4FEl$5WidNkeRMkXwaXn5IEViX9GTMyAUm6/IYMrWzZJ+A4A=", "last_login": "2024-01-26T20:11:59.771Z", "is_superuser": true, "username": "wsv", "first_name": "", "last_name": "", "email": "will@learndjango.com", "is_staff": true, "is_active": true, "date_joined": "2024-01-26T18:10:03.410Z", "groups": [], "user_permissions": []}}, {"model": "auth.user", "pk": 2, "fields": {"password": "pbkdf2_sha256$870000$kgdemnTYKf86E3uS5gCmBp$pDz5jH+VS1dBDQtu6W4o0rtERizkDkBUctbERqMqVR8=", "last_login": "2025-03-23T01:10:03.260Z", "is_superuser": false, "username": "testuser", "first_name": "", "last_name": "", "email": "testuser@email.com", "is_staff": false, "is_active": true, "date_joined": "2024-01-26T19:04:31Z", "groups": [], "user_permissions": []}}, {"model": "auth.user", "pk": 3, "fields": {"password": "pbkdf2_sha256$870000$owQylKO1LJKsvhaPb8nEgx$D1yenF5yvjnfedd/k7WiVSu8bYWvP39p1GnMZAXqotU=", "last_login": "2025-04-07T03:23:20.784Z", "is_superuser": true, "username": "user", "first_name": "", "last_name": "", "email": "emanuel6400@gmail.com", "is_staff": true, "is_active": true, "date_joined": "2025-03-23T01:06:38.911Z", "groups": [], "user_permissions": []}}, {"model": "auth.user", "pk": 4, "fields": {"password": "pbkdf2_sha256$870000$KptjQw2qUot99bPNB4nUbA$o6NvfsWoI6Gha3mhwM5tl1i3LWWRfed+KOqySp8zRA8=", "last_login": "2025-04-07T03:22:36.018Z", "is_superuser": false, "username": "emanuelsantos+", "first_name": "", "last_name": "", "email": "", "is_staff": false, "is_active": true, "date_joined": "2025-04-07T03:21:17.113Z", "groups": [], "user_permissions": []}}, {"model": "contenttypes.contenttype", "pk": 1, "fields": {"app_label": "admin", "model": "logentry"}}, {"model": "contenttypes.contenttype", "pk": 2, "fields": {"app_label": "auth", "model": "permission"}}, {"model": "contenttypes.contenttype", "pk": 3, "fields": {"app_label": "auth", "model": "group"}}, {"model": "contenttypes.contenttype", "pk": 4, "fields": {"app_label": "auth", "model": "user"}}, {"model": "contenttypes.contenttype", "pk": 5, "fields": {"app_label": "contenttypes", "model": "contenttype"}}, {"model": "contenttypes.contenttype", "pk": 6, "fields": {"app_label": "sessions", "model": "session"}}, {"model": "contenttypes.contenttype", "pk": 7, "fields": {"app_label": "servicio_social", "model": "documento"}}, {"model": "contenttypes.contenttype", "pk": 8, "fields": {"app_label": "servicio_social", "model": "prestador"}}, {"model": "contenttypes.contenttype", "pk": 9, "fields": {"app_label": "servicio_social", "model": "carrera"}}, {"model": "contenttypes.contenttype", "pk": 10, "fields": {"app_label": "servicio_social", "model": "reporte"}}, {"model": "contenttypes.contenttype", "pk": 11, "fields": {"app_label": "servicio_social", "model": "serviciosocial"}}, {"model": "contenttypes.contenttype", "pk": 12, "fields": {"app_label": "servicio_social", "model": "institucion"}}, {"model": "contenttypes.contenttype", "pk": 13, "fields": {"app_label": "servicio_social", "model": "resumendocumentos"}}, {"model": "sessions.session", "pk": "balgbb9wau2uumaxnxw9nkizv5942x0q", "fields": {"session_data": "e30:1rTSgf:IcSZAAdAXT1moITp8zhq9zk1xNtNCjS0OtkAhnFQZK8", "expire_date": "2024-02-09T20:20:29.692Z"}}, {"model": "sessions.session", "pk": "bpw7doaen9kw3mpgv2vt2zk30j7p4cij", "fields": {"session_data": ".eJxVjMsOwiAQAP-FsyHA8igevfsNZFk2UjU0Ke3J-O9K0oNeZybzEgn3raa985rmIs4CxOmXZaQHtyHKHdttkbS0bZ2zHIk8bJfXpfDzcrR_g4q9ji07hMAuq6k4bbO3AfJkNBFpJPAROBrt4vfoAqmglbHeMWBU2RqvxPsD0i82_A:1u1d4y:BHVsSxIlISLUBcgYZtnBPcCIdU4HRHS5UtIWSO91EEM", "expire_date": "2025-04-21T03:23:20.789Z"}}, {"model": "sessions.session", "pk": "qsbv3jfng3j6m6kinlyj9pga5z4jic9r", "fields": {"session_data": ".eJxVjMsOwiAQAP-FsyHA8igevfsNZFk2UjU0Ke3J-O9K0oNeZybzEgn3raa985rmIs4CxOmXZaQHtyHKHdttkbS0bZ2zHIk8bJfXpfDzcrR_g4q9ji07hMAuq6k4bbO3AfJkNBFpJPAROBrt4vfoAqmglbHeMWBU2RqvxPsD0i82_A:1u0GVz:-IxQanX-2lusQObgwCHHk4A-2-Uhf1Z-AaBWeg0w4wA", "expire_date": "2025-04-17T09:05:35.944Z"}}, {"model": "servicio_social.carrera", "pk": 1, "fields": {"nombre": "INGENIERIA CIVIL"}}, {"model": "servicio_social.carrera", "pk": 2, "fields": {"nombre": "INGENIERIA QUIMICA"}}, {"model": "servicio_social.carrera", "pk": 3, "fields": {"nombre": "INGENIERIA PETROLERA"}}, {"model": "servicio_social.carrera", "pk": 4, "fields": {"nombre": "INGENIERIA AMBIENTAL"}}, {"model": "servicio_social.carrera", "pk": 5, "fields": {"nombre": "INGENIERIA TECNOLOGIAS DE LA INFORMACION Y COMUNICACION"}}, {"model": "servicio_social.prestador", "pk": 1, "fields": {"nombres": "Emmanuel Urbano", "apellido_p": "Santos", "apellido_m": "Cano", "curp": "SACE021004HTCNNMA1", "telefono": "9933763564", "correo": "emanuel6400@gmail.com", "matricula": "21300898", "carrera": 5, "activo": false}}, {"model": "servicio_social.prestador", "pk": 2, "fields": {"nombres": "Carlos Juan", "apellido_p": "Lazaro", "apellido_m": "Verde", "curp": "MACJ070730HTCYRRA0", "telefono": "99123123123", "correo": "carlnuel6400@gmail.com", "matricula": "21300880", "carrera": 1, "activo": true}}, {"model": "servicio_social.prestador", "pk": 3, "fields": {"nombres": "Juan", "apellido_p": "García", "apellido_m": "López", "curp": "GALJ930101HDFLPN01", "telefono": "5551234567", "correo": "juan.garcia@example.com", "matricula": "21300001", "carrera": 1, "activo": true}}, {"model": "servicio_social.prestador", "pk": 4, "fields": {"nombres": "María", "apellido_p": "Rodríguez", "apellido_m": "Martínez", "curp": "ROMM950215MDFLPN02", "telefono": "5552345678", "correo": "maria.rodriguez@example.com", "matricula": "21300002", "carrera": 2, "activo": true}}, {"model": "servicio_social.prestador", "pk": 5, "fields": {"nombres": "Carlos", "apellido_p": "Hernández", "apellido_m": "Pérez", "curp": "HEPC910303HDFLPN03", "telefono": "5553456789", "correo": "carlos.hernandez@example.com", "matricula": "21300003", "carrera": 3, "activo": true}}, {"model": "servicio_social.prestador", "pk": 6, "fields": {"nombres": "Ana", "apellido_p": "Martínez", "apellido_m": "González", "curp": "MAGA920404MDFLPN04", "telefono": "5554567890", "correo": "ana.martinez@example.com", "matricula": "21300004", "carrera": 4, "activo": true}}, {"model": "servicio_social.prestador", "pk": 7, "fields": {"nombres": "Luis", "apellido_p": "López", "apellido_m": "Sánchez", "curp": "LOSL940505HDFLPN05", "telefono": "5555678901", "correo": "luis.lopez@example.com", "matricula": "21300005", "carrera": 1, "activo": true}}, {"model": "servicio_social.prestador", "pk": 8, "fields": {"nombres": "Sofía", "apellido_p": "Díaz", "apellido_m": "Ramírez", "curp": "DARS960606MDFLPN06", "telefono": "5556789012", "correo": "sofia.diaz@example.com", "matricula": "21300006", "carrera": 2, "activo": true}}, {"model": "servicio_social.prestador", "pk": 9, "fields": {"nombres": "Miguel", "apellido_p": "Vázquez", "apellido_m": "Flores", "curp": "VAFM880707HDFLPN07", "telefono": "5557890123", "correo": "miguel.vazquez@example.com", "matricula": "21300007", "carrera": 3, "activo": true}}, {"model": "servicio_social.prestador", "pk": 10, "fields": {"nombres": "Laura", "apellido_p": "Sánchez", "apellido_m": "Jiménez", "curp": "SAJL970808MDFLPN08", "telefono": "5558901234", "correo": "laura.sanchez@example.com", "matricula": "21300008", "carrera": 4, "activo": true}}, {"model": "servicio_social.prestador", "pk": 11, "fields": {"nombres": "Jorge", "apellido_p": "Ramírez", "apellido_m": "Torres", "curp": "RATJ990909HDFLPN09", "telefono": "5559012345", "correo": "jorge.ramirez@example.com", "matricula": "21300009", "carrera": 1, "activo": true}}, {"model": "servicio_social.prestador", "pk": 12, "fields": {"nombres": "Patricia", "apellido_p": "Flores", "apellido_m": "Ruiz", "curp": "FORP000101MDFLPN10", "telefono": "5550123456", "correo": "patricia.flores@example.com", "matricula": "21300010", "carrera": 2, "activo": true}}, {"model": "servicio_social.institucion", "pk": 1, "fields": {"nombre": "INSTITUTO TECNOLOGICO DE VILLAHERMOSA"}}, {"model": "servicio_social.institucion", "pk": 2, "fields": {"nombre": "Universidad Valle del Grijalva (UVG)"}}, {"model": "servicio_social.institucion", "pk": 3, "fields": {"nombre": "ITESM Tecnológico de Monterrey - Tec de Monterrey"}}, {"model": "servicio_social.institucion", "pk": 4, "fields": {"nombre": "Universidad del Valle de México (UVM)"}}, {"model": "servicio_social.institucion", "pk": 5, "fields": {"nombre": "Instituto de Estudios Universitarios (IEU)"}}, {"model": "servicio_social.institucion", "pk": 6, "fields": {"nombre": "RHmatic"}}, {"model": "servicio_social.serviciosocial", "pk": 1, "fields": {"prestador": 1, "institucion": 1, "programa": "PROGRAMA DE EJEMPLO 1", "responsable": "EMMANUEL URBANO SANTOS CANO", "fecha_inicio": "2025-03-29", "fecha_fin": "2025-09-15", "horas_requeridas": 480, "horas_realizadas": 0, "actividades": "Sacar copias\r\nDar soporte entre otros"}}, {"model": "servicio_social.serviciosocial", "pk": 2, "fields": {"prestador": 2, "institucion": 1, "programa": "Salud Comunitaria", "responsable": "Dra. Ana Mendoza", "fecha_inicio": "2023-01-15", "fecha_fin": "2023-06-15", "horas_requeridas": 120, "horas_realizadas": 115, "actividades": "Consultas médicas, talleres de prevención"}}, {"model": "servicio_social.serviciosocial", "pk": 3, "fields": {"prestador": 5, "institucion": 3, "programa": "Educación Ambiental", "responsable": "Lic. Carlos Ríos", "fecha_inicio": "2023-02-01", "fecha_fin": "2023-07-31", "horas_requeridas": 80, "horas_realizadas": 75, "actividades": "Talleres de reciclaje, reforestación"}}, {"model": "servicio_social.serviciosocial", "pk": 4, "fields": {"prestador": 1, "institucion": 2, "programa": "Apoyo a Adultos Mayores", "responsable": "Psic. Laura Torres", "fecha_inicio": "2023-03-10", "fecha_fin": "2023-09-10", "horas_requeridas": 100, "horas_realizadas": 92, "actividades": "Acompañamiento, actividades recreativas"}}, {"model": "servicio_social.serviciosocial", "pk": 5, "fields": {"prestador": 3, "institucion": 4, "programa": "Desarrollo Infantil", "responsable": "Lic. Sofía Jiménez", "fecha_inicio": "2023-04-05", "fecha_fin": "2023-10-05", "horas_requeridas": 150, "horas_realizadas": 140, "actividades": "Estimulación temprana, apoyo escolar"}}, {"model": "servicio_social.serviciosocial", "pk": 6, "fields": {"prestador": 7, "institucion": 5, "programa": "Nutrición Básica", "responsable": "Nut. Miguel Sánchez", "fecha_inicio": "2023-05-20", "fecha_fin": "2023-11-20", "horas_requeridas": 60, "horas_realizadas": 58, "actividades": "Talleres de alimentación saludable"}}, {"model": "servicio_social.serviciosocial", "pk": 7, "fields": {"prestador": 4, "institucion": 6, "programa": "Capacitación Digital", "responsable": "Ing. Patricia López", "fecha_inicio": "2023-06-01", "fecha_fin": "2023-12-01", "horas_requeridas": 200, "horas_realizadas": 185, "actividades": "Cursos básicos de computación"}}, {"model": "servicio_social.serviciosocial", "pk": 8, "fields": {"prestador": 6, "institucion": 2, "programa": "Prevención de Violencia", "responsable": "Lic. Jorge Ramírez", "fecha_inicio": "2023-07-15", "fecha_fin": "2024-01-15", "horas_requeridas": 90, "horas_realizadas": 85, "actividades": "Talleres de concientización"}}, {"model": "servicio_social.serviciosocial", "pk": 9, "fields": {"prestador": 8, "institucion": 3, "programa": "Arte y Cultura", "responsable": "Mtro. Luis Flores", "fecha_inicio": "2023-08-10", "fecha_fin": "2024-02-10", "horas_requeridas": 110, "horas_realizadas": 105, "actividades": "Talleres de pintura y música"}}, {"model": "servicio_social.serviciosocial", "pk": 10, "fields": {"prestador": 9, "institucion": 1, "programa": "Emprendimiento Rural", "responsable": "Lic. María Díaz", "fecha_inicio": "2023-09-05", "fecha_fin": "2024-03-05", "horas_requeridas": 70, "horas_realizadas": 65, "actividades": "Capacitación para pequeños negocios"}}, {"model": "servicio_social.serviciosocial", "pk": 11, "fields": {"prestador": 10, "institucion": 4, "programa": "Conservación Histórica", "responsable": "Arq. Juan Martínez", "fecha_inicio": "2023-10-01", "fecha_fin": "2024-04-01", "horas_requeridas": 130, "horas_realizadas": 125, "actividades": "Restauración de espacios públicos"}}, {"model": "servicio_social.documento", "pk": 2, "fields": {"prestador": 1, "tipo": "Carta de término", "archivo": "reportes/requirements.pdf"}}, {"model": "servicio_social.documento", "pk": 3, "fields": {"prestador": 1, "tipo": "Evaluación de desempeño", "archivo": "reportes/Actividad_1_Tema_1_-_Fuentes_consultadas.pdf"}}, {"model": "servicio_social.reporte", "pk": 1, "fields": {"servicio": 1, "numero_reporte": 1, "archivo": "reportes/u2t3.pdf", "fecha_subida": "2025-03-29"}}, {"model": "servicio_social.resumendocumentos", "pk": 1, "fields": {"servicio_social": 1, "carta_asignacion": false, "reporte_parcial": false, "evaluacion_desempeno": true, "carta_termino": true}}, {"model": "servicio_social.resumendocumentos", "pk": 2, "fields": {"servicio_social": 2, "carta_asignacion": false, "reporte_parcial": false, "evaluacion_desempeno": false, "carta_termino": false}}, {"model": "servicio_social.resumendocumentos", "pk": 3, "fields": {"servicio_social": 6, "carta_asignacion": false, "reporte_parcial": false, "evaluacion_desempeno": false, "carta_termino": false}}, {"model": "servicio_social.resumendocumentos", "pk": 4, "fields": {"servicio_social": 9, "carta_asignacion": false, "reporte_parcial": false, "evaluacion_desempeno": false, "carta_termino": false}}, {"model": "servicio_social.resumendocumentos", "pk": 5, "fields": {"servicio_social": 4, "carta_asignacion": false, "reporte_parcial": false, "evaluacion_desempeno": false, "carta_termino": false}}, {"model": "servicio_social.resumendocumentos", "pk": 6, "fields": {"servicio_social": 4, "carta_asignacion": false, "reporte_parcial": false, "evaluacion_desempeno": false, "carta_termino": false}}]